{
  "keywords": {
    "D:\\Data-Lab\\ai_doc_pipeline_toolkit\\README.txt": "README",
    "E:\\技术经济部工作2023.12.16\\A-4 规划中心总结\\规划中心汇报PPT\\许书记调研准备材料\\规划中心工作汇报-0428V2.pptx": "规划研究中心,2025年工作思路和重点工作,2024年以来重点工作完成情况,基本概况,电网规划,系统",
    "E:\\技术经济部工作2023.12.16\\A-4 规划中心总结\\规划中心汇报PPT\\许书记调研准备材料\\配网规划创新实验室汇报（许书记）-20250427.pptx": "配网规划创新实验室,创新实验室,2025年4月,规划中心,国家重大专项,新型电力系统",
    "E:\\技术经济部工作2023.12.16\\B-1 经济数据\\3.主网基建工程造价分析报告\\广州供电局结算项目数据.xlsx": "投资、结算、建设、项目、电压等级、类别、成本、费用变更金额、投产时间、结算完成时间",
    "E:\\技术经济部工作2023.12.16\\B-1 经济数据\\3.主网基建工程造价分析报告\\人工调差未决算施工合同统计表20180202.xls": "人工调差未决算施工合同统计表,20180202,人工调差,施工合同,统计表",
    "E:\\不停电作业\\广供电规划函〔2023〕181号 广州供电局配网项目中低压不停电作业补充费用标准-附件1.docx": "无指定关键词。, 广州供电局配网项目, 中低压不停电作业补充费用标准, 广州供电局, 低压发电车和联",
    "E:\\不停电作业\\0.4千伏不停电作业技术资料\\03典型作业项目作业指导书\\【12】0.4kV带电更换配电柜电容器作业指导书-山东.docx": "0.4kV配电柜,电容器,作业指导书,安全工作规程,配电线路,带电作业",
    "E:\\不停电作业\\0.4千伏不停电作业技术资料\\03典型作业项目作业指导书\\【14】0.4kV低压带电更换计量装置作业指导书-广州.doc": "低压带电,计量装置,工作人员,安全措施,电压,操作手册,电气设备",
    "E:\\不停电作业\\0.4千伏不停电作业技术资料\\03典型作业项目作业指导书\\【15】0.4kV带电更换耐张绝缘子或耐张线夹作业指导书-天津.doc": "耐张绝缘子,耐张线夹,0.4kV电力系统,安全措施",
    "D:\\Data-Lab\\用你的活法定义世界的算法.docx": "人工智能,AI算法,无人驾驶汽车,机器学习,自然语言处理,人机对话,物我两忘,加冕,中国百模大战",
    "D:\\Data-Lab\\Python Study\\神经网络学习.docx": "神经网络,正态分布,工程造价分析,数学期望值,方差,机器学习,强化学习"
  }
}